{"grid":{"(3, 3)":{"g":0.323039, "a":1, "b":0.332108, "r":0.553676}, "(2, 3)":{"g":0.452941, "a":1, "b":0.283824, "r":0.612255}, "(1, 3)":{"g":0.582843, "a":1, "b":0.235539, "r":0.670833}, "(3, 2)":{"g":0.283333, "a":1, "b":0.409314, "r":0.603431}, "(2, 2)":{"g":0.356863, "a":1, "b":0.348039, "r":0.565686}, "(1, 2)":{"g":0.430392, "a":1, "b":0.286765, "r":0.527941}, "(3, 1)":{"g":0.243627, "a":1, "b":0.48652, "r":0.653186}, "(2, 1)":{"g":0.260784, "a":1, "b":0.412255, "r":0.519118}, "(1, 1)":{"g":0.277941, "a":1, "b":0.33799, "r":0.385049}, "(4, 3)":{"g":0.193137, "a":1, "b":0.380392, "r":0.495098}, "(4, 2)":{"g":0.209804, "a":1, "b":0.470588, "r":0.641176}, "(4, 1)":{"g":0.226471, "a":1, "b":0.560784, "r":0.787255}, "(0, 3)":{"g":0.712745, "a":1, "b":0.187255, "r":0.729412}, "(0, 2)":{"g":0.503922, "a":1, "b":0.22549, "r":0.490196}, "(0, 1)":{"g":0.295098, "a":1, "b":0.263725, "r":0.25098}, "(3, 4)":{"g":0.362745, "a":1, "b":0.254902, "r":0.503922}, "(2, 4)":{"g":0.54902, "a":1, "b":0.219608, "r":0.658824}, "(1, 4)":{"g":0.735294, "a":1, "b":0.184314, "r":0.813725}, "(3, 0)":{"g":0.203922, "a":1, "b":0.563725, "r":0.702941}, "(2, 0)":{"g":0.164706, "a":1, "b":0.476471, "r":0.472549}, "(1, 0)":{"g":0.12549, "a":1, "b":0.389216, "r":0.242157}, "(4, 4)":{"g":0.176471, "a":1, "b":0.290196, "r":0.34902}, "(0, 4)":{"g":0.921569, "a":1, "b":0.14902, "r":0.968627}, "(4, 0)":{"g":0.243137, "a":1, "b":0.65098, "r":0.933333}, "(0, 0)":{"g":0.086275, "a":1, "b":0.301961, "r":0.011765}}}