{"grid":{"(3, 3)":{"g":0.347059, "a":1, "b":0.741176, "r":0.438235}, "(2, 3)":{"g":0.364706, "a":1, "b":0.593137, "r":0.45}, "(1, 3)":{"g":0.382353, "a":1, "b":0.445098, "r":0.461765}, "(3, 2)":{"g":0.392157, "a":1, "b":0.67549, "r":0.442157}, "(2, 2)":{"g":0.423529, "a":1, "b":0.552941, "r":0.403922}, "(1, 2)":{"g":0.454902, "a":1, "b":0.430392, "r":0.365686}, "(3, 1)":{"g":0.437255, "a":1, "b":0.609804, "r":0.446078}, "(2, 1)":{"g":0.482353, "a":1, "b":0.512745, "r":0.357843}, "(1, 1)":{"g":0.527451, "a":1, "b":0.415686, "r":0.269608}, "(4, 3)":{"g":0.329412, "a":1, "b":0.889216, "r":0.426471}, "(4, 2)":{"g":0.360784, "a":1, "b":0.798039, "r":0.480392}, "(4, 1)":{"g":0.392157, "a":1, "b":0.706863, "r":0.534314}, "(0, 3)":{"g":0.4, "a":1, "b":0.297059, "r":0.473529}, "(0, 2)":{"g":0.486275, "a":1, "b":0.307843, "r":0.327451}, "(0, 1)":{"g":0.572549, "a":1, "b":0.318627, "r":0.181373}, "(3, 4)":{"g":0.301961, "a":1, "b":0.806863, "r":0.434314}, "(2, 4)":{"g":0.305882, "a":1, "b":0.633333, "r":0.496078}, "(1, 4)":{"g":0.309804, "a":1, "b":0.459804, "r":0.557843}, "(3, 0)":{"g":0.482353, "a":1, "b":0.544118, "r":0.45}, "(2, 0)":{"g":0.541176, "a":1, "b":0.472549, "r":0.311765}, "(1, 0)":{"g":0.6, "a":1, "b":0.40098, "r":0.173529}, "(4, 4)":{"g":0.298039, "a":1, "b":0.980392, "r":0.372549}, "(0, 4)":{"g":0.313726, "a":1, "b":0.286275, "r":0.619608}, "(4, 0)":{"g":0.423529, "a":1, "b":0.615686, "r":0.588235}, "(0, 0)":{"g":0.658824, "a":1, "b":0.329412, "r":0.035294}}, "next_level":"res://level2.json"}
