{"grid":{"(3, 3)":{"g":0.383578, "a":1, "b":0.167402, "r":0.500245}, "(2, 3)":{"g":0.411275, "a":1, "b":0.277941, "r":0.409314}, "(1, 3)":{"g":0.438971, "a":1, "b":0.38848, "r":0.318382}, "(3, 2)":{"g":0.513235, "a":1, "b":0.180882, "r":0.415196}, "(2, 2)":{"g":0.471569, "a":1, "b":0.295098, "r":0.404902}, "(1, 2)":{"g":0.429902, "a":1, "b":0.409314, "r":0.394608}, "(3, 1)":{"g":0.642892, "a":1, "b":0.194363, "r":0.330147}, "(2, 1)":{"g":0.531863, "a":1, "b":0.312255, "r":0.40049}, "(1, 1)":{"g":0.420833, "a":1, "b":0.430147, "r":0.470833}, "(4, 3)":{"g":0.355882, "a":1, "b":0.056863, "r":0.591177}, "(4, 2)":{"g":0.554902, "a":1, "b":0.066667, "r":0.42549}, "(4, 1)":{"g":0.753922, "a":1, "b":0.076471, "r":0.259804}, "(0, 3)":{"g":0.466667, "a":1, "b":0.49902, "r":0.227451}, "(0, 2)":{"g":0.388235, "a":1, "b":0.523529, "r":0.384314}, "(0, 1)":{"g":0.309804, "a":1, "b":0.548039, "r":0.541176}, "(3, 4)":{"g":0.253922, "a":1, "b":0.153922, "r":0.585294}, "(2, 4)":{"g":0.35098, "a":1, "b":0.260784, "r":0.413725}, "(1, 4)":{"g":0.448039, "a":1, "b":0.367647, "r":0.242157}, "(3, 0)":{"g":0.772549, "a":1, "b":0.207843, "r":0.245098}, "(2, 0)":{"g":0.592157, "a":1, "b":0.329412, "r":0.396078}, "(1, 0)":{"g":0.411765, "a":1, "b":0.45098, "r":0.547059}, "(4, 4)":{"g":0.156863, "a":1, "b":0.047059, "r":0.756863}, "(0, 4)":{"g":0.545098, "a":1, "b":0.47451, "r":0.070588}, "(4, 0)":{"g":0.952941, "a":1, "b":0.086275, "r":0.094118}, "(0, 0)":{"g":0.231373, "a":1, "b":0.572549, "r":0.698039}}, "next_level":"res://level5.json"}