{"grid":{"(3, 3)":{"g":0.24902, "a":1, "b":0.494853, "r":0.709314}, "(2, 3)":{"g":0.317647, "a":1, "b":0.50049, "r":0.518627}, "(1, 3)":{"g":0.386275, "a":1, "b":0.506127, "r":0.327941}, "(3, 2)":{"g":0.284314, "a":1, "b":0.567157, "r":0.716667}, "(2, 2)":{"g":0.352941, "a":1, "b":0.548039, "r":0.531373}, "(1, 2)":{"g":0.421569, "a":1, "b":0.528922, "r":0.346078}, "(3, 1)":{"g":0.319608, "a":1, "b":0.639461, "r":0.72402}, "(2, 1)":{"g":0.388235, "a":1, "b":0.595588, "r":0.544118}, "(1, 1)":{"g":0.456863, "a":1, "b":0.551716, "r":0.364216}, "(4, 3)":{"g":0.180392, "a":1, "b":0.489216, "r":0.9}, "(4, 2)":{"g":0.215686, "a":1, "b":0.586275, "r":0.901961}, "(4, 1)":{"g":0.25098, "a":1, "b":0.683333, "r":0.903922}, "(0, 3)":{"g":0.454902, "a":1, "b":0.511765, "r":0.137255}, "(0, 2)":{"g":0.490196, "a":1, "b":0.509804, "r":0.160784}, "(0, 1)":{"g":0.52549, "a":1, "b":0.507843, "r":0.184314}, "(3, 4)":{"g":0.213726, "a":1, "b":0.422549, "r":0.701961}, "(2, 4)":{"g":0.282353, "a":1, "b":0.452941, "r":0.505882}, "(1, 4)":{"g":0.35098, "a":1, "b":0.483333, "r":0.309804}, "(3, 0)":{"g":0.354902, "a":1, "b":0.711765, "r":0.731373}, "(2, 0)":{"g":0.423529, "a":1, "b":0.643137, "r":0.556863}, "(1, 0)":{"g":0.492157, "a":1, "b":0.57451, "r":0.382353}, "(4, 4)":{"g":0.145098, "a":1, "b":0.392157, "r":0.898039}, "(0, 4)":{"g":0.419608, "a":1, "b":0.513726, "r":0.113725}, "(4, 0)":{"g":0.286275, "a":1, "b":0.780392, "r":0.905882}, "(0, 0)":{"g":0.560784, "a":1, "b":0.505882, "r":0.207843}}, "next_level":"res://level3.json"}