{"grid":{"(3, 3)":{"g":0.283333, "a":1, "b":0.683578, "r":0.55098}, "(2, 3)":{"g":0.381373, "a":1, "b":0.634804, "r":0.578431}, "(1, 3)":{"g":0.479412, "a":1, "b":0.586029, "r":0.605882}, "(3, 2)":{"g":0.392157, "a":1, "b":0.64951, "r":0.527451}, "(2, 2)":{"g":0.480392, "a":1, "b":0.563725, "r":0.505882}, "(1, 2)":{"g":0.568627, "a":1, "b":0.477941, "r":0.484314}, "(3, 1)":{"g":0.50098, "a":1, "b":0.615441, "r":0.503922}, "(2, 1)":{"g":0.579412, "a":1, "b":0.492647, "r":0.433333}, "(1, 1)":{"g":0.657843, "a":1, "b":0.369853, "r":0.362745}, "(4, 3)":{"g":0.185294, "a":1, "b":0.732353, "r":0.523529}, "(4, 2)":{"g":0.303922, "a":1, "b":0.735294, "r":0.54902}, "(4, 1)":{"g":0.422549, "a":1, "b":0.738235, "r":0.57451}, "(0, 3)":{"g":0.577451, "a":1, "b":0.537255, "r":0.633333}, "(0, 2)":{"g":0.656863, "a":1, "b":0.392157, "r":0.462745}, "(0, 1)":{"g":0.736275, "a":1, "b":0.247059, "r":0.292157}, "(3, 4)":{"g":0.17451, "a":1, "b":0.717647, "r":0.57451}, "(2, 4)":{"g":0.282353, "a":1, "b":0.705882, "r":0.65098}, "(1, 4)":{"g":0.390196, "a":1, "b":0.694118, "r":0.727451}, "(3, 0)":{"g":0.609804, "a":1, "b":0.581373, "r":0.480392}, "(2, 0)":{"g":0.678431, "a":1, "b":0.421569, "r":0.360784}, "(1, 0)":{"g":0.747059, "a":1, "b":0.261765, "r":0.241176}, "(4, 4)":{"g":0.066667, "a":1, "b":0.729412, "r":0.498039}, "(0, 4)":{"g":0.498039, "a":1, "b":0.682353, "r":0.803922}, "(4, 0)":{"g":0.541176, "a":1, "b":0.741176, "r":0.6}, "(0, 0)":{"g":0.815686, "a":1, "b":0.101961, "r":0.121569}}, "next_level":"res://level4.json"}